-- Test data for student table
INSERT INTO student (student_id, first_name, last_name, date_of_birth, major, status, level, enrollment_date, email) VALUES
('ST001', 'John', 'Smith', '2000-05-15', 'Computer Science', 'active', 'undergraduate', '2020-09-01', 'john.smith@university.edu'),
('ST002', 'Emma', 'Johnson', '1998-03-22', 'Mathematics', 'active', 'graduate', '2021-01-15', 'emma.j@university.edu'),
('ST003', 'Michael', 'Brown', '1995-11-30', 'Physics', 'active', 'phd', '2019-09-01', 'michael.b@university.edu'),
('ST004', 'Sarah', 'Davis', '2000-07-18', 'Chemistry', 'graduated', 'undergraduate', '2019-09-01', 'sarah.d@university.edu'),
('ST005', 'David', 'Wilson', '1997-09-25', 'Computer Science', 'active', 'graduate', '2021-09-01', 'david.w@university.edu'),
('ST006', 'Alice', 'Walker', '2001-02-10', 'Biology', 'active', 'undergraduate', '2022-09-01', 'alice.walker@university.edu'),
('ST007', 'Bob', 'Lee', '1999-12-05', 'Mathematics', 'active', 'graduate', '2020-09-01', 'bob.lee@university.edu'),
('ST008', 'Carol', 'Nguyen', '1997-06-15', 'Physics', 'active', 'phd', '2018-09-01', 'carol.nguyen@university.edu'),
('ST009', 'Dan', 'Kim', '2002-03-20', 'Computer Science', 'active', 'undergraduate', '2023-01-10', 'dan.kim@university.edu'),
('ST010', 'Eve', 'Patel', '2000-10-30', 'Chemistry', 'on_leave', 'undergraduate', '2019-09-01', 'eve.patel@university.edu'),
('ST011', 'Frank', 'Moore', '2001-04-12', 'Mathematics', 'active', 'undergraduate', '2022-09-01', 'frank.moore@university.edu'),
('ST012', 'Gina', 'Lopez', '2000-08-23', 'Physics', 'active', 'undergraduate', '2021-09-01', 'gina.lopez@university.edu'),
('ST013', 'Henry', 'Zhang', '1999-11-30', 'Chemistry', 'active', 'graduate', '2020-09-01', 'henry.zhang@university.edu'),
('ST014', 'Ivy', 'Singh', '1998-07-19', 'Biology', 'active', 'graduate', '2019-09-01', 'ivy.singh@university.edu'),
('ST015', 'Jack', 'White', '1997-05-05', 'Computer Science', 'active', 'phd', '2018-09-01', 'jack.white@university.edu'),
('ST016', 'Karen', 'Black', '2002-01-15', 'Mathematics', 'active', 'undergraduate', '2023-01-10', 'karen.black@university.edu'),
('ST017', 'Leo', 'Green', '2001-09-09', 'Physics', 'on_leave', 'undergraduate', '2022-09-01', 'leo.green@university.edu'),
('ST018', 'Mona', 'Brown', '2000-03-22', 'Chemistry', 'active', 'undergraduate', '2021-09-01', 'mona.brown@university.edu'),
('ST019', 'Nina', 'Patel', '1999-12-12', 'Biology', 'graduated', 'undergraduate', '2018-09-01', 'nina.patel@university.edu'),
('ST020', 'Oscar', 'King', '1998-10-10', 'Computer Science', 'active', 'graduate', '2020-09-01', 'oscar.king@university.edu'),
('ST021', 'Paula', 'Scott', '2001-06-18', 'Mathematics', 'active', 'undergraduate', '2022-09-01', 'paula.scott@university.edu'),
('ST022', 'Quinn', 'Young', '2000-02-28', 'Physics', 'active', 'undergraduate', '2021-09-01', 'quinn.young@university.edu'),
('ST023', 'Rita', 'Hill', '1999-09-15', 'Chemistry', 'active', 'graduate', '2020-09-01', 'rita.hill@university.edu'),
('ST024', 'Sam', 'Wright', '1998-11-11', 'Biology', 'active', 'graduate', '2019-09-01', 'sam.wright@university.edu'),
('ST025', 'Tina', 'Evans', '1997-07-07', 'Computer Science', 'active', 'phd', '2018-09-01', 'tina.evans@university.edu');

-- Test data for professor table
INSERT INTO professor (professor_id, first_name, last_name, department, hire_date, email, office_number, phone) VALUES
('PR001', 'Robert', 'Anderson', 'Computer Science', '2015-08-15', 'r.anderson@university.edu', 'CS-201', '555-0401'),
('PR002', 'Jennifer', 'Martinez', 'Mathematics', '2012-01-10', 'j.martinez@university.edu', 'MA-301', '555-0402'),
('PR003', 'William', 'Taylor', 'Physics', '2010-09-01', 'w.taylor@university.edu', 'PH-401', '555-0403'),
('PR004', 'Elizabeth', 'Thomas', 'Chemistry', '2018-06-20', 'e.thomas@university.edu', 'CH-501', '555-0404'),
('PR005', 'Grace', 'Hopper', 'Computer Science', '2016-09-01', 'g.hopper@university.edu', 'CS-202', '555-0405'),
('PR006', 'Alan', 'Turing', 'Mathematics', '2013-02-15', 'a.turing@university.edu', 'MA-302', '555-0406'),
('PR007', 'Marie', 'Curie', 'Chemistry', '2017-03-10', 'm.curie@university.edu', 'CH-502', '555-0407'),
('PR008', 'Olivia', 'Baker', 'Mathematics', '2014-08-15', 'o.baker@university.edu', 'MA-303', '555-0408'),
('PR009', 'Peter', 'Clark', 'Physics', '2011-01-10', 'p.clark@university.edu', 'PH-402', '555-0409'),
('PR010', 'Queen', 'Davis', 'Chemistry', '2019-06-20', 'q.davis@university.edu', 'CH-503', '555-0410'),
('PR011', 'Ray', 'Edwards', 'Biology', '2013-09-01', 'r.edwards@university.edu', 'BIO-102', '555-0411'),
('PR012', 'Sara', 'Foster', 'Computer Science', '2017-08-15', 's.foster@university.edu', 'CS-203', '555-0412'),
('PR013', 'Tom', 'Garcia', 'Mathematics', '2012-01-10', 't.garcia@university.edu', 'MA-304', '555-0413'),
('PR014', 'Uma', 'Hernandez', 'Physics', '2010-09-01', 'u.hernandez@university.edu', 'PH-403', '555-0414'),
('PR015', 'Victor', 'Ibrahim', 'Chemistry', '2018-06-20', 'v.ibrahim@university.edu', 'CH-504', '555-0415'),
('PR016', 'Wendy', 'Jones', 'Biology', '2015-08-15', 'w.jones@university.edu', 'BIO-103', '555-0416'),
('PR017', 'Xander', 'Kim', 'Computer Science', '2016-09-01', 'x.kim@university.edu', 'CS-204', '555-0417'),
('PR018', 'Yara', 'Lopez', 'Mathematics', '2013-02-15', 'y.lopez@university.edu', 'MA-305', '555-0418'),
('PR019', 'Zane', 'Morris', 'Chemistry', '2017-03-10', 'z.morris@university.edu', 'CH-505', '555-0419'),
('PR020', 'Amy', 'Nelson', 'Physics', '2014-08-15', 'a.nelson@university.edu', 'PH-404', '555-0420'),
('PR021', 'Ben', 'Owens', 'Biology', '2011-01-10', 'b.owens@university.edu', 'BIO-104', '555-0421'),
('PR022', 'Cara', 'Perez', 'Computer Science', '2019-06-20', 'c.perez@university.edu', 'CS-205', '555-0422');

-- Test data for courses table
INSERT INTO courses (course_id, course_code, course_name, description, credits, department, level, max_capacity) VALUES
('CRS001', 'CS101', 'Introduction to Programming', 'Basic concepts of programming using Python', 3, 'Computer Science', 'undergraduate', 30),
('CRS002', 'CS201', 'Data Structures', 'Advanced programming concepts and data structures', 4, 'Computer Science', 'undergraduate', 25),
('CRS003', 'MATH201', 'Calculus I', 'Limits, derivatives, and basic integration', 4, 'Mathematics', 'undergraduate', 35),
('CRS004', 'PHYS101', 'General Physics', 'Introduction to mechanics and thermodynamics', 4, 'Physics', 'undergraduate', 30),
('CRS005', 'CHEM101', 'General Chemistry', 'Basic principles of chemistry', 4, 'Chemistry', 'undergraduate', 30),
('CRS006', 'BIO101', 'Intro to Biology', 'Fundamentals of biology', 3, 'Biology', 'undergraduate', 40),
('CRS007', 'CS301', 'Algorithms', 'Algorithm design and analysis', 4, 'Computer Science', 'undergraduate', 30),
('CRS008', 'MATH301', 'Linear Algebra', 'Matrices and vector spaces', 3, 'Mathematics', 'undergraduate', 35),
('CRS009', 'CS501', 'Machine Learning', 'Graduate-level ML', 3, 'Computer Science', 'graduate', 20),
('CRS010', 'PHY501', 'Quantum Mechanics', 'Graduate-level quantum mechanics', 4, 'Physics', 'graduate', 15),
('CRS011', 'BIO201', 'Genetics', 'Genetics and heredity', 3, 'Biology', 'undergraduate', 40),
('CRS012', 'CS401', 'Operating Systems', 'OS principles', 4, 'Computer Science', 'undergraduate', 30),
('CRS013', 'MATH401', 'Probability', 'Probability theory', 3, 'Mathematics', 'undergraduate', 35),
('CRS014', 'CS601', 'Advanced AI', 'PhD-level AI', 3, 'Computer Science', 'phd', 10),
('CRS015', 'PHY601', 'Astrophysics', 'PhD-level astrophysics', 4, 'Physics', 'phd', 10),
('CRS016', 'CHEM201', 'Organic Chemistry', 'Organic compounds', 4, 'Chemistry', 'undergraduate', 30),
('CRS017', 'BIO301', 'Microbiology', 'Microorganisms', 3, 'Biology', 'graduate', 20),
('CRS018', 'CS701', 'Quantum Computing', 'PhD-level quantum computing', 3, 'Computer Science', 'phd', 8),
('CRS019', 'MATH501', 'Topology', 'Graduate topology', 3, 'Mathematics', 'graduate', 20),
('CRS020', 'PHY701', 'Particle Physics', 'PhD-level particle physics', 4, 'Physics', 'phd', 8),
('CRS021', 'CHEM301', 'Physical Chemistry', 'Physical chemistry concepts', 4, 'Chemistry', 'graduate', 20),
('CRS022', 'BIO401', 'Ecology', 'Ecosystems and environment', 3, 'Biology', 'graduate', 20),
('CRS023', 'CS801', 'Deep Learning', 'PhD-level deep learning', 3, 'Computer Science', 'phd', 8),
('CRS024', 'MATH601', 'Number Theory', 'PhD-level number theory', 3, 'Mathematics', 'phd', 8),
('CRS025', 'PHY801', 'String Theory', 'PhD-level string theory', 4, 'Physics', 'phd', 8);

-- Add 10 courses for master's (graduate) students
INSERT INTO courses (course_id, course_code, course_name, description, credits, department, level, max_capacity) VALUES
('CRS027', 'CS503', 'Data Visualization', 'Graduate-level course on data visualization techniques', 3, 'Computer Science', 'graduate', 25),
('CRS028', 'MATH502', 'Advanced Calculus', 'Graduate-level calculus concepts', 4, 'Mathematics', 'graduate', 20),
('CRS029', 'PHY502', 'Thermodynamics', 'Graduate-level thermodynamics', 4, 'Physics', 'graduate', 15),
('CRS030', 'CHEM302', 'Inorganic Chemistry', 'Graduate-level inorganic chemistry', 4, 'Chemistry', 'graduate', 20),
('CRS031', 'BIO302', 'Cell Biology', 'Graduate-level cell biology', 3, 'Biology', 'graduate', 20),
('CRS032', 'CS504', 'Cloud Computing', 'Graduate-level cloud computing concepts', 3, 'Computer Science', 'graduate', 25),
('CRS033', 'MATH503', 'Differential Equations', 'Graduate-level differential equations', 3, 'Mathematics', 'graduate', 20),
('CRS034', 'PHY503', 'Electromagnetism', 'Graduate-level electromagnetism', 4, 'Physics', 'graduate', 15),
('CRS035', 'CHEM303', 'Analytical Chemistry', 'Graduate-level analytical chemistry', 4, 'Chemistry', 'graduate', 20),
('CRS036', 'BIO303', 'Molecular Biology', 'Graduate-level molecular biology', 3, 'Biology', 'graduate', 20);

-- Add 10 courses for PhD students
INSERT INTO courses (course_id, course_code, course_name, description, credits, department, level, max_capacity) VALUES
('CRS037', 'CS802', 'Natural Language Processing', 'PhD-level NLP concepts', 3, 'Computer Science', 'phd', 10),
('CRS038', 'MATH602', 'Algebraic Geometry', 'PhD-level algebraic geometry', 3, 'Mathematics', 'phd', 8),
('CRS039', 'PHY802', 'Cosmology', 'PhD-level cosmology', 4, 'Physics', 'phd', 8),
('CRS040', 'CHEM401', 'Biophysical Chemistry', 'PhD-level biophysical chemistry', 4, 'Chemistry', 'phd', 8),
('CRS041', 'BIO402', 'Evolutionary Biology', 'PhD-level evolutionary biology', 3, 'Biology', 'phd', 8),
('CRS042', 'CS803', 'Reinforcement Learning', 'PhD-level reinforcement learning', 3, 'Computer Science', 'phd', 10),
('CRS043', 'MATH603', 'Functional Analysis', 'PhD-level functional analysis', 3, 'Mathematics', 'phd', 8),
('CRS044', 'PHY803', 'Quantum Field Theory', 'PhD-level quantum field theory', 4, 'Physics', 'phd', 8),
('CRS045', 'CHEM402', 'Environmental Chemistry', 'PhD-level environmental chemistry', 4, 'Chemistry', 'phd', 8),
('CRS046', 'BIO403', 'Neurobiology', 'PhD-level neurobiology', 3, 'Biology', 'phd', 8);
-- Test data for prerequisite table
INSERT INTO prerequisite (course_id, prerequisite_course_id) VALUES
('CRS002', 'CRS001'),
('CRS004', 'CRS003'),
('CRS007', 'CRS002'),
('CRS009', 'CRS007'),
('CRS010', 'CRS004'),
('CRS012', 'CRS002'),
('CRS014', 'CRS009'),
('CRS015', 'CRS004'),
('CRS018', 'CRS014'),
('CRS019', 'CRS013'),
('CRS020', 'CRS015'),
('CRS021', 'CRS016'),
('CRS022', 'CRS011'),
('CRS023', 'CRS009'),
('CRS024', 'CRS013'),
('CRS025', 'CRS020');

-- Test data for schedule table
INSERT INTO schedule (schedule_id, course_id, semester, start_time, end_time, meeting_days, room_number, academic_year, max_enrollment) VALUES
('SCH101', 'CRS001', 'Fall', '09:00:00', '10:15:00', 'MWF', 'CS-101', 2025, 30),
('SCH102', 'CRS002', 'Fall', '09:30:00', '10:45:00', 'MWF', 'CS-102', 2025, 25),
('SCH103', 'CRS003', 'Fall', '13:00:00', '14:15:00', 'MWF', 'MA-201', 2025, 35),
('SCH104', 'CRS004', 'Fall', '14:30:00', '15:45:00', 'TR', 'PH-101', 2025, 30),
('SCH105', 'CRS005', 'Fall', '10:30:00', '11:45:00', 'MWF', 'CH-101', 2025, 30),
('SCH106', 'CRS006', 'Spring', '08:00:00', '09:15:00', 'TR', 'BIO-101', 2025, 40),
('SCH107', 'CRS007', 'Spring', '11:00:00', '12:15:00', 'MWF', 'CS-103', 2025, 30),
('SCH108', 'CRS008', 'Summer', '10:00:00', '11:15:00', 'TR', 'MA-202', 2025, 35),
('SCH109', 'CRS009', 'Fall', '15:00:00', '16:15:00', 'MWF', 'CS-201', 2025, 20),
('SCH110', 'CRS010', 'Spring', '13:00:00', '14:15:00', 'MWF', 'PH-201', 2025, 15),
('SCH111', 'CRS011', 'Fall', '09:00:00', '10:15:00', 'MWF', 'BIO-201', 2025, 40),
('SCH112', 'CRS012', 'Spring', '10:30:00', '11:45:00', 'TR', 'CS-301', 2025, 30),
('SCH113', 'CRS013', 'Summer', '13:00:00', '14:15:00', 'MWF', 'MA-401', 2025, 35),
('SCH114', 'CRS014', 'Fall', '15:00:00', '16:15:00', 'MWF', 'CS-601', 2025, 10),
('SCH115', 'CRS015', 'Spring', '08:00:00', '09:15:00', 'TR', 'PH-601', 2025, 10),
('SCH116', 'CRS016', 'Fall', '11:00:00', '12:15:00', 'MWF', 'CH-201', 2025, 30),
('SCH117', 'CRS017', 'Spring', '14:30:00', '15:45:00', 'TR', 'BIO-301', 2025, 20),
('SCH118', 'CRS018', 'Summer', '10:00:00', '11:15:00', 'TR', 'CS-701', 2025, 8),
('SCH119', 'CRS019', 'Fall', '13:00:00', '14:15:00', 'MWF', 'MA-501', 2025, 20),
('SCH120', 'CRS020', 'Spring', '15:00:00', '16:15:00', 'MWF', 'PH-701', 2025, 8),
('SCH121', 'CRS021', 'Fall', '09:00:00', '10:15:00', 'MWF', 'CH-301', 2025, 20),
('SCH122', 'CRS022', 'Spring', '10:30:00', '11:45:00', 'TR', 'BIO-401', 2025, 20),
('SCH123', 'CRS023', 'Summer', '13:00:00', '14:15:00', 'MWF', 'CS-801', 2025, 8),
('SCH124', 'CRS024', 'Fall', '15:00:00', '16:15:00', 'MWF', 'MA-601', 2025, 8),
('SCH125', 'CRS025', 'Spring', '08:00:00', '09:15:00', 'TR', 'PH-801', 2025, 8);

-- Test data for enrolled table (cleaned, no duplicate (student_id, schedule_id) pairs)
INSERT INTO enrolled (student_id, schedule_id, enrollment_date, grade, status) VALUES
('ST001', 'SCH101', '2023-01-15', 'A', 'completed'),
('ST001', 'SCH102', '2023-01-15', NULL, 'withdrawn'),
('ST001', 'SCH103', '2024-01-15', 'B+', 'completed'),
('ST001', 'SCH104', '2024-01-15', NULL, 'enrolled'),
('ST002', 'SCH103', '2025-08-26', NULL, 'enrolled'),
('ST002', 'SCH105', '2023-01-15', 'A-', 'completed'),
('ST002', 'SCH106', '2024-01-15', NULL, 'enrolled'),
('ST003', 'SCH104', '2025-08-26', NULL, 'enrolled'),
('ST003', 'SCH107', '2023-01-15', 'B', 'completed'),
('ST003', 'SCH108', '2024-01-15', NULL, 'withdrawn'),
('ST004', 'SCH105', '2025-08-27', NULL, 'enrolled'),
('ST004', 'SCH109', '2023-01-15', 'C+', 'completed'),
('ST004', 'SCH110', '2024-01-15', 'A', 'completed'),
('ST005', 'SCH101', '2025-08-27', NULL, 'enrolled'),
('ST005', 'SCH102', '2025-08-27', NULL, 'enrolled'),
('ST005', 'SCH111', '2024-01-15', NULL, 'enrolled'),
('ST006', 'SCH106', '2023-01-15', 'A', 'completed'),
('ST006', 'SCH107', '2024-01-15', NULL, 'enrolled'),
('ST007', 'SCH108', '2023-01-15', 'B+', 'completed'),
('ST007', 'SCH109', '2024-01-15', NULL, 'withdrawn'),
('ST007', 'SCH110', '2024-08-15', NULL, 'enrolled'),
('ST008', 'SCH111', '2023-01-15', 'A-', 'completed'),
('ST008', 'SCH112', '2024-01-15', 'B', 'completed'),
('ST009', 'SCH113', '2023-01-15', 'C', 'completed'),
('ST009', 'SCH114', '2024-01-15', NULL, 'enrolled'),
('ST010', 'SCH115', '2023-01-15', 'B-', 'completed'),
('ST010', 'SCH116', '2024-01-15', NULL, 'withdrawn'),
('ST011', 'SCH117', '2023-01-15', 'A', 'completed'),
('ST011', 'SCH118', '2024-01-15', 'A-', 'completed'),
('ST012', 'SCH119', '2023-01-15', 'B+', 'completed'),
('ST012', 'SCH120', '2024-01-15', NULL, 'enrolled'),
('ST013', 'SCH121', '2023-01-15', 'C+', 'completed'),
('ST013', 'SCH122', '2024-01-15', NULL, 'withdrawn'),
('ST014', 'SCH123', '2023-01-15', 'A', 'completed'),
('ST014', 'SCH124', '2024-01-15', 'B', 'completed'),
('ST015', 'SCH125', '2023-01-15', 'A-', 'completed'),
('ST015', 'SCH101', '2024-01-15', NULL, 'enrolled'),
('ST016', 'SCH102', '2023-01-15', 'B', 'completed'),
('ST016', 'SCH103', '2024-01-15', NULL, 'withdrawn'),
('ST017', 'SCH104', '2023-01-15', 'C', 'completed'),
('ST017', 'SCH105', '2024-01-15', 'B+', 'completed'),
('ST018', 'SCH106', '2023-01-15', 'A', 'completed'),
('ST018', 'SCH107', '2024-01-15', NULL, 'enrolled'),
('ST019', 'SCH108', '2023-01-15', 'B-', 'completed'),
('ST019', 'SCH109', '2024-01-15', NULL, 'withdrawn'),
('ST020', 'SCH110', '2023-01-15', 'A', 'completed'),
('ST020', 'SCH111', '2024-01-15', 'A-', 'completed'),
('ST021', 'SCH112', '2023-01-15', 'B+', 'completed'),
('ST021', 'SCH113', '2024-01-15', NULL, 'enrolled'),
('ST022', 'SCH114', '2023-01-15', 'C+', 'completed'),
('ST022', 'SCH115', '2024-01-15', NULL, 'withdrawn'),
('ST023', 'SCH116', '2023-01-15', 'A', 'completed'),
('ST023', 'SCH117', '2024-01-15', 'B', 'completed'),
('ST024', 'SCH118', '2023-01-15', 'A-', 'completed'),
('ST024', 'SCH119', '2024-01-15', NULL, 'enrolled'),
('ST025', 'SCH120', '2023-01-15', 'B', 'completed'),
('ST025', 'SCH121', '2024-01-15', NULL, 'withdrawn');

-- Test data for teaching table
INSERT INTO teaching (teaching_id, professor_id, schedule_id) VALUES
('TCH001', 'PR001', 'SCH101'),
('TCH002', 'PR001', 'SCH102'),
('TCH003', 'PR002', 'SCH103'),
('TCH004', 'PR003', 'SCH104'),
('TCH005', 'PR004', 'SCH105'),
('TCH006', 'PR005', 'SCH106'),
('TCH007', 'PR005', 'SCH107'),
('TCH008', 'PR006', 'SCH108'),
('TCH009', 'PR007', 'SCH110'),
('TCH010', 'PR003', 'SCH109'),
('TCH011', 'PR008', 'SCH111'),
('TCH012', 'PR009', 'SCH112'),
('TCH013', 'PR010', 'SCH113'),
('TCH014', 'PR011', 'SCH114'),
('TCH015', 'PR012', 'SCH115'),
('TCH016', 'PR013', 'SCH116'),
('TCH017', 'PR014', 'SCH117'),
('TCH018', 'PR015', 'SCH118'),
('TCH019', 'PR016', 'SCH119'),
('TCH020', 'PR017', 'SCH120'),
('TCH021', 'PR018', 'SCH121'),
('TCH022', 'PR019', 'SCH122'),
('TCH023', 'PR020', 'SCH123'),
('TCH024', 'PR021', 'SCH124'),
('TCH025', 'PR022', 'SCH125');